{
    "name": "bAP validation",
    "values": [
        {
            "name": "Model bAP",
            "description": "Mean and standard deviation of back-propogating action potential amplitudes for single cell models",
            "units": "mV",
            "value_map": {
                "distance": {
                    "0": 50,
                    "1": 150,
                    "2": 250,
                    "3": 350,
                    "4": 50,
                    "5": 150,
                    "6": 250,
                    "7": 350,
                    "8": 50,
                    "9": 150,
                    "10": 250,
                    "11": 350,
                    "12": 50,
                    "13": 150,
                    "14": 250,
                    "15": 350,
                    "16": 50,
                    "17": 150,
                    "18": 250,
                    "19": 350,
                    "20": 50,
                    "21": 150,
                    "22": 250,
                    "23": 350,
                    "24": 50,
                    "25": 150,
                    "26": 250,
                    "27": 350,
                    "28": 50,
                    "29": 150,
                    "30": 250,
                    "31": 350,
                    "32": 50,
                    "33": 150,
                    "34": 250,
                    "35": 350,
                    "36": 50,
                    "37": 150,
                    "38": 250,
                    "39": 350,
                    "40": 50,
                    "41": 150,
                    "42": 250,
                    "43": 350,
                    "44": 50,
                    "45": 150,
                    "46": 250,
                    "47": 350,
                    "48": 50,
                    "49": 150,
                    "50": 250,
                    "51": 350
                },
                "model_mean": {
                    "0": 95.50936485661128,
                    "1": 95.75983199199526,
                    "2": 82.27168601456724,
                    "3": 64.63252360018866,
                    "4": 84.81729985874153,
                    "5": 83.82065182435014,
                    "6": 73.76677584872449,
                    "7": 58.44336280765189,
                    "8": 79.44131832961007,
                    "9": 83.55392043223117,
                    "10": 63.67665053253773,
                    "11": 33.96688766475127,
                    "12": 87.47945326983005,
                    "13": 89.58081076415148,
                    "14": 79.94649693397669,
                    "15": 68.91220981216821,
                    "16": 83.25871553805611,
                    "17": 82.37338091972494,
                    "18": 70.49370341957787,
                    "19": 45.06686424917264,
                    "20": 86.1716638461002,
                    "21": 83.43803673331215,
                    "22": 71.21356068742446,
                    "23": 46.295639364439616,
                    "24": 88.65485877104054,
                    "25": 93.21490280976853,
                    "26": 88.16361853058739,
                    "27": 73.6756761313135,
                    "28": 91.34198566609358,
                    "29": 92.6312886942344,
                    "30": 85.88256511920001,
                    "31": 71.46719158116709,
                    "32": 90.98314653805055,
                    "33": 95.6235145422292,
                    "34": 91.36476581473997,
                    "35": 82.45311936150185,
                    "36": 94.42820466116392,
                    "37": 96.27667956506369,
                    "38": 91.54488570437715,
                    "39": 81.25766274566874,
                    "40": 84.13283232065672,
                    "41": 87.03506878367607,
                    "42": 73.35089486203323,
                    "43": 49.30340985628091,
                    "44": 87.64365308502911,
                    "45": 81.16322002060942,
                    "46": 63.29071399398794,
                    "47": 34.93688328710312,
                    "48": 85.1207758377531,
                    "49": 83.08241282038523,
                    "50": 62.39628302518336,
                    "51": 28.400026589227224
                },
                "model_std": {
                    "0": 2.3333056277448607,
                    "1": 2.263111772310716,
                    "2": 6.052488778257193,
                    "3": 0.0,
                    "4": 0.5700484930810426,
                    "5": 1.768370746416728,
                    "6": 4.931908216075119,
                    "7": 3.6170491491311743,
                    "8": 2.127100885176222,
                    "9": 1.7553470519697305,
                    "10": 7.828652614574351,
                    "11": 9.18227841316367,
                    "12": 2.5214342004868615,
                    "13": 1.3701099148802844,
                    "14": 4.656567947954253,
                    "15": 1.6036806818781306,
                    "16": 2.082749552404607,
                    "17": 2.1357564681148298,
                    "18": 6.261631780798796,
                    "19": 7.969215763517728,
                    "20": 0.8971974446263726,
                    "21": 2.242651140822406,
                    "22": 4.5863972481773985,
                    "23": 8.605330364943033,
                    "24": 1.8795481857615872,
                    "25": 0.421439196826912,
                    "26": 2.8707893187748765,
                    "27": 3.446930113507552,
                    "28": 1.1418408996742515,
                    "29": 0.7875393050471519,
                    "30": 3.7316963449731637,
                    "31": 4.4877546913260575,
                    "32": 2.7894455877155724,
                    "33": 0.8373167567082428,
                    "34": 2.5928800821453177,
                    "35": 3.6294481987630487,
                    "36": 2.0444675143240594,
                    "37": 0.7672042844576914,
                    "38": 2.4950348482902744,
                    "39": 2.896166096046348,
                    "40": 2.873184591438228,
                    "41": 1.9437374193648889,
                    "42": 5.491688827567707,
                    "43": 11.692694083063136,
                    "44": 0.6481725758065567,
                    "45": 4.823785162986057,
                    "46": 6.434171564617328,
                    "47": 9.262876959139957,
                    "48": 0.9962884853371935,
                    "49": 3.6963224434249007,
                    "50": 9.092637444986158,
                    "51": 8.454581774226892
                }
            }
        },
        {
            "name": "Experimental bAP",
            "description": "Experimental data - Mean and standard deviation of back-propogating action potential amplitudes.",
            "units": "mV",
            "value_map": {
                "distance": {
                    "0": 50.0,
                    "1": 150.0,
                    "2": 250.0,
                    "3": 350.0,
                    "4": 250.0,
                    "5": 350.0
                },
                "exp_mean": {
                    "0": 68.96076570104667,
                    "1": 58.07900539630133,
                    "2": 53.44239697718534,
                    "3": 50.05052799539,
                    "4": 29.9632490092,
                    "5": 19.54305204806727
                },
                "model_mean": {
                    "0": 7.536307179693741,
                    "1": 9.863556943091721,
                    "2": 8.23315662537063,
                    "3": 5.793803954762405,
                    "4": 2.9404814751551798,
                    "5": 6.215305920932849
                }
            }
        }
    ]
}