{
    "name": "Laminar distribution of synapses",
    "description": "values of percentage of synapses made onto individual layers or outside the CA1 mesh.",
    "units": null,
    "value_map": {
        "Model": {
            "SO": {
                "SLM_PPA": 0.0,
                "SR_SCA": 26.654858866056085,
                "SP_AA": 5.515772650394898,
                "SP_BS": 32.637548928791674,
                "SP_CCKBC": 34.755968514860136,
                "SP_Ivy": 34.395254429022955,
                "SP_PC": 77.47357146131924,
                "SP_PVBC": 33.10354003702563,
                "SO_BP": 31.109197008438272,
                "SO_BS": 33.10781008701944,
                "SO_OLM": 0.3906992022228208,
                "SO_Tri": 57.405785651324216
            },
            "SP": {
                "SLM_PPA": 0.0,
                "SR_SCA": 14.4528796328608,
                "SP_AA": 89.95977314692693,
                "SP_BS": 20.86119833932391,
                "SP_CCKBC": 43.94900088477347,
                "SP_Ivy": 36.26404516259594,
                "SP_PC": 11.482444568346192,
                "SP_PVBC": 43.0016718642524,
                "SO_BP": 24.54148435186305,
                "SO_BS": 17.899228069548556,
                "SO_OLM": 0.5459365974471672,
                "SO_Tri": 27.02263292322264
            },
            "SR": {
                "SLM_PPA": 35.48036293473675,
                "SR_SCA": 56.14767212942052,
                "SP_AA": 4.52426024485236,
                "SP_BS": 45.84703511519715,
                "SP_CCKBC": 21.025473127541577,
                "SP_Ivy": 29.11755336501048,
                "SP_PC": 3.3391418440030978,
                "SP_PVBC": 23.58062685190026,
                "SO_BP": 40.35855360576623,
                "SO_BS": 47.45669406519144,
                "SO_OLM": 31.278722076557912,
                "SO_Tri": 14.390035321276226
            },
            "SLM": {
                "SLM_PPA": 64.18007731727052,
                "SR_SCA": 1.882839402937904,
                "SP_AA": 0.0,
                "SP_BS": 0.1959061083258289,
                "SP_CCKBC": 0.0266933971244082,
                "SP_Ivy": 0.0192795204889592,
                "SP_PC": 0.0209115011222639,
                "SP_PVBC": 0.045627031196743,
                "SO_BP": 3.5617603997647462,
                "SO_BS": 0.8981103169347896,
                "SO_OLM": 65.60046708836371,
                "SO_Tri": 0.1258495415317768
            },
            "out": {
                "SLM_PPA": 0.3395597479927247,
                "SR_SCA": 0.8617499687246917,
                "SP_AA": 0.0001939578258103,
                "SP_BS": 0.458311508361437,
                "SP_CCKBC": 0.2428640757004066,
                "SP_Ivy": 0.2038675228816626,
                "SP_PC": 7.683930625209206,
                "SP_PVBC": 0.2685342156249702,
                "SO_BP": 0.4290046341677059,
                "SO_BS": 0.6381574613057718,
                "SO_OLM": 2.1841750354083844,
                "SO_Tri": 1.055696562645137
            }
        },
        "Experimental": {
            "SO": {
                "SP_BS": 47.6,
                "SO_BS": 48.1,
                "SP_CCKBC": 29.4,
                "SR_CCKBC": 9.1,
                "SR_Tri": 27.0,
                "SR_SCA": 0.0,
                "SLM_PPA": 0.0,
                "SO_Tri": 58.12
            },
            "SP": {
                "SP_BS": 9.85,
                "SO_BS": 12.4,
                "SP_CCKBC": 62.85,
                "SR_CCKBC": 57.7,
                "SR_Tri": 23.0,
                "SR_SCA": 0.2,
                "SLM_PPA": 0.0,
                "SO_Tri": 18.11
            },
            "SR": {
                "SP_BS": 42.55,
                "SO_BS": 39.5,
                "SP_CCKBC": 7.75,
                "SR_CCKBC": 31.75,
                "SR_Tri": 50.0,
                "SR_SCA": 97.4,
                "SLM_PPA": 37.7,
                "SO_Tri": 23.77
            },
            "SLM": {
                "SP_BS": 0.0,
                "SO_BS": 0.0,
                "SP_CCKBC": 0.0,
                "SR_CCKBC": 1.45,
                "SR_Tri": 0.0,
                "SR_SCA": 2.4,
                "SLM_PPA": 62.3,
                "SO_Tri": 0.0
            }
        }
    }
}