{
    "name": "Synapse Density Profile",
    "description": "Density of synapses along the radial axis",
    "units": "synapse/um3",
    "value_map": {
        "radial_axis": {
            "0": 0.005,
            "1": 0.015,
            "2": 0.025,
            "3": 0.034999999999999996,
            "4": 0.045,
            "5": 0.055,
            "6": 0.065,
            "7": 0.07500000000000001,
            "8": 0.085,
            "9": 0.095,
            "10": 0.10500000000000001,
            "11": 0.115,
            "12": 0.125,
            "13": 0.135,
            "14": 0.14500000000000002,
            "15": 0.155,
            "16": 0.165,
            "17": 0.17500000000000002,
            "18": 0.185,
            "19": 0.195,
            "20": 0.20500000000000002,
            "21": 0.215,
            "22": 0.225,
            "23": 0.23500000000000001,
            "24": 0.245,
            "25": 0.255,
            "26": 0.265,
            "27": 0.275,
            "28": 0.28500000000000003,
            "29": 0.295,
            "30": 0.305,
            "31": 0.315,
            "32": 0.325,
            "33": 0.335,
            "34": 0.34500000000000003,
            "35": 0.35500000000000004,
            "36": 0.365,
            "37": 0.375,
            "38": 0.385,
            "39": 0.395,
            "40": 0.405,
            "41": 0.41500000000000004,
            "42": 0.425,
            "43": 0.435,
            "44": 0.445,
            "45": 0.455,
            "46": 0.465,
            "47": 0.47500000000000003,
            "48": 0.485,
            "49": 0.495,
            "50": 0.505,
            "51": 0.515,
            "52": 0.525,
            "53": 0.535,
            "54": 0.545,
            "55": 0.555,
            "56": 0.5650000000000001,
            "57": 0.5750000000000001,
            "58": 0.585,
            "59": 0.595,
            "60": 0.605,
            "61": 0.615,
            "62": 0.625,
            "63": 0.635,
            "64": 0.645,
            "65": 0.655,
            "66": 0.665,
            "67": 0.675,
            "68": 0.685,
            "69": 0.6950000000000001,
            "70": 0.7050000000000001,
            "71": 0.715,
            "72": 0.725,
            "73": 0.735,
            "74": 0.745,
            "75": 0.755,
            "76": 0.765,
            "77": 0.775,
            "78": 0.785,
            "79": 0.795,
            "80": 0.805,
            "81": 0.8150000000000001,
            "82": 0.8250000000000001,
            "83": 0.8350000000000001,
            "84": 0.845,
            "85": 0.855,
            "86": 0.865,
            "87": 0.875,
            "88": 0.885,
            "89": 0.895,
            "90": 0.905,
            "91": 0.915,
            "92": 0.925,
            "93": 0.935,
            "94": 0.9450000000000001,
            "95": 0.9550000000000001,
            "96": 0.965,
            "97": 0.975,
            "98": 0.985,
            "99": 0.995
        },
        "model_data": {
            "0": 0.0014940787248393338,
            "1": 0.0010727745432202048,
            "2": 0.0022676372340830076,
            "3": 0.0014430418762346412,
            "4": 0.003386445013299602,
            "5": 0.0021765714846118897,
            "6": 0.004647355390592007,
            "7": 0.003613609025716567,
            "8": 0.005377882831404273,
            "9": 0.006211484691947586,
            "10": 0.007208204323521582,
            "11": 0.008186910949705686,
            "12": 0.008163894331707493,
            "13": 0.010983930397747171,
            "14": 0.010395505555010717,
            "15": 0.012542055363972788,
            "16": 0.012466000452326577,
            "17": 0.013539775718068444,
            "18": 0.014892752567353626,
            "19": 0.014415407924521504,
            "20": 0.016171675950035925,
            "21": 0.014928778578133411,
            "22": 0.016637011922608122,
            "23": 0.01599054517361535,
            "24": 0.01564629662616409,
            "25": 0.014116191890544973,
            "26": 0.009646965108808558,
            "27": 0.00908455905163528,
            "28": 0.007968753439983668,
            "29": 0.007429364000808583,
            "30": 0.006411629196279713,
            "31": 0.006074385706480078,
            "32": 0.005659085859990913,
            "33": 0.0055520085501732245,
            "34": 0.007185187705523387,
            "35": 0.01455350763251067,
            "36": 0.015800407894499827,
            "37": 0.01572535370537528,
            "38": 0.017931946865636986,
            "39": 0.017426581992198365,
            "40": 0.018959688895382465,
            "41": 0.020997159949483524,
            "42": 0.020685935245247068,
            "43": 0.019808301593750684,
            "44": 0.02050180230126151,
            "45": 0.020871068911754286,
            "46": 0.018632452630799434,
            "47": 0.01894968167016586,
            "48": 0.019357976459003397,
            "49": 0.0193859966896099,
            "50": 0.01782687100086262,
            "51": 0.01817111954831388,
            "52": 0.01762072216140053,
            "53": 0.018321227926562975,
            "54": 0.017801852937821105,
            "55": 0.017343522022900532,
            "56": 0.01771779224600161,
            "57": 0.017849887618860815,
            "58": 0.017784840654952873,
            "59": 0.01688619183050162,
            "60": 0.016675039378431226,
            "61": 0.016841159317026892,
            "62": 0.0157273551504186,
            "63": 0.015149938255420412,
            "64": 0.01489775617996193,
            "65": 0.01436337035339515,
            "66": 0.014117192613066633,
            "67": 0.013194526448095524,
            "68": 0.013021401451848234,
            "69": 0.012456993949631633,
            "70": 0.012959356655505273,
            "71": 0.012231831382257988,
            "72": 0.01184154959881034,
            "73": 0.011988655809494455,
            "74": 0.01163840292691323,
            "75": 0.0113722107361515,
            "76": 0.011596372581003484,
            "77": 0.007015064876841079,
            "78": 0.00033924493484295657,
            "79": 0.00026118857815342675,
            "80": 0.00019814305928880652,
            "81": 0.00019313944668050332,
            "82": 0.00020414739441877033,
            "83": 0.00016311777103068415,
            "84": 0.00016511921607400542,
            "85": 0.00012208814764259792,
            "86": 0.00016011560346570222,
            "87": 0.0001340968179025256,
            "88": 0.0001310946503375437,
            "89": 0.00010907875486100964,
            "90": 0.00010307441973104581,
            "91": 0.00010607658729602772,
            "92": 9.106574947111814e-05,
            "93": 0.00011708453503429475,
            "94": 4.90354035613713e-05,
            "95": 9.406791703610006e-05,
            "96": 5.2037571126353225e-05,
            "97": 6.104407382129896e-05,
            "98": 4.703395851805003e-05,
            "99": 0.00011108019990433091
        },
        "exp_data": {
            "0": 0.009547589820352458,
            "1": 0.009547589820352458,
            "2": 0.009547589820352458,
            "3": 0.009547589820352458,
            "4": 0.009547589820352458,
            "5": 0.009547589820352458,
            "6": 0.009547589820352458,
            "7": 0.009547589820352458,
            "8": 0.009547589820352458,
            "9": 0.009547589820352458,
            "10": 0.009547589820352458,
            "11": 0.009547589820352458,
            "12": 0.009547589820352458,
            "13": 0.009547589820352458,
            "14": 0.009547589820352458,
            "15": 0.009547589820352458,
            "16": 0.009547589820352458,
            "17": 0.009547589820352458,
            "18": 0.009547589820352458,
            "19": 0.009547589820352458,
            "20": 0.009547589820352458,
            "21": 0.009547589820352458,
            "22": 0.009547589820352458,
            "23": 0.009547589820352458,