{
    "bAC": {
        "1.0": {
            "mean": 63.24361216662053,
            "variance": 1777.936967692658
        },
        "0.8": {
            "mean": 45.883465365208096,
            "variance": 457.8651730093974
        },
        "0.6": {
            "mean": 54.1006932251939,
            "variance": 942.6771876629653
        },
        "0.4": {
            "mean": 45.28563572359157,
            "variance": 961.2880543159295
        },
        "0.2": {
            "mean": 30.754019503346854,
            "variance": 172.67624430967618
        },
        "-1.2": {
            "mean": 6.353240152477558,
            "variance": 0.0
        },
        "-1.8": {
            "mean": 6.351222610352287,
            "variance": 0.0
        },
        "-2.0": {
            "mean": 36.68763102725123,
            "variance": 0.0
        }
    },
    "cAC": {
        "1.0": {
            "mean": 122.52151309296823,
            "variance": 9773.886305685139
        },
        "0.8": {
            "mean": 80.50557644960027,
            "variance": 4889.363632576621
        },
        "0.6": {
            "mean": 48.93418832055461,
            "variance": 455.7298290232735
        },
        "0.4": {
            "mean": 31.630495238545183,
            "variance": 112.43996387593702
        },
        "0.2": {
            "mean": 12.511600223220192,
            "variance": 1.7414983489531004
        },
        "-0.8": {
            "mean": 14.299332697808078,
            "variance": 0.0
        }
    },
    "cACpyr": {
        "1.0": {
            "mean": 41.71409396180952,
            "variance": 1262.0752627244472
        },
        "0.8": {
            "mean": 31.75305093704541,
            "variance": 330.81751869651265
        },
        "0.6": {
            "mean": 27.583911583935265,
            "variance": 593.9296640216016
        },
        "0.4": {
            "mean": 22.543195335234085,
            "variance": 149.15436195837285
        },
        "0.2": {
            "mean": 21.579333887097032,
            "variance": 134.26833866307442
        },
        "0.0": {
            "mean": 3.190301483489811,
            "variance": 0.0
        }
    },
    "cNAC": {
        "1.0": {
            "mean": 102.79193685979327,
            "variance": 2642.40755932153
        },
        "0.8": {
            "mean": 99.35298555017032,
            "variance": 2793.811055891017
        },
        "0.6": {
            "mean": 85.96156207172118,
            "variance": 3155.4056285744286
        },
        "0.4": {
            "mean": 53.04333009799486,
            "variance": 2780.88980960792
        },
        "0.2": {
            "mean": 27.68668973237459,
            "variance": 328.47287880016347
        },
        "0.0": {
            "mean": 6.8154861251098735,
            "variance": 3.66464473845841
        },
        "-1.0": {
            "mean": 16.79261125105014,
            "variance": 0.0
        },
        "-1.2": {
            "mean": 434.78260869563525,
            "variance": 0.0
        },
        "-2.0": {
            "mean": 5.089058524172666,
            "variance": 0.0
        }
    }
}