{
    "name": "Bouton density validation",
    "description": "Bouton density values per individual m-type",
    "units": null,
    "value_map": {
        "mtype": {
            "0": "SP_CCKBC",
            "1": "SP_BS",
            "2": "SO_OLM",
            "3": "SO_Tri",
            "4": "SP_Ivy",
            "5": "SR_SCA",
            "6": "SP_AA",
            "7": "SP_PC",
            "8": "SLM_PPA",
            "9": "SP_PVBC",
            "10": "SO_BS",
            "11": "SO_BP"
        },
        "model_mean": {
            "0": 0.3377801130804274,
            "1": 0.2608919096580132,
            "2": 0.1811243373896275,
            "3": 0.1582732296436599,
            "4": 0.3206304576326625,
            "5": 0.1766360935524202,
            "6": 0.023913135325495,
            "7": 0.0930695384557064,
            "8": 0.1612306278949501,
            "9": 0.1433668546235874,
            "10": 0.116517409879028,
            "11": 0.1457584673397827
        },
        "model_std": {
            "0": 0.0435757511789619,
            "1": 0.0353915675207449,
            "2": 0.088575316562556,
            "3": 0.0630690223220844,
            "4": 0.0476370715534159,
            "5": 0.0398534707799385,
            "6": 0.0078350492637492,
            "7": 0.0413904918112515,
            "8": 0.0398380436717819,
            "9": 0.0244380973641338,
            "10": 0.0197404470550733,
            "11": 0.0162818525648546
        },
        "exp_mean": {
            "0": null,
            "1": null,
            "2": 0.266,
            "3": 0.282,
            "4": null,
            "5": null,
            "6": null,
            "7": 0.1241,
            "8": null,
            "9": 0.226,
            "10": 0.21,
            "11": 0.248
        },
        "exp_std": {
            "0": null,
            "1": null,
            "2": 0.0,
            "3": 0.0,
            "4": null,
            "5": null,
            "6": null,
            "7": 0.0,
            "8": null,
            "9": 0.0,
            "10": 0.0,
            "11": 0.0
        }
    }
}