{
    "name": "Divergence validation",
    "description": "Comparison of divergence per m-type with the available experimental value.",
    "units": null,
    "value_map": {
        "mtype": {
            "0": "SLM_PPA",
            "1": "SR_SCA",
            "2": "SP_AA",
            "3": "SP_BS",
            "4": "SP_CCKBC",
            "5": "SP_Ivy",
            "6": "SP_PC",
            "7": "SP_PVBC",
            "8": "SO_BP",
            "9": "SO_BS",
            "10": "SO_OLM",
            "11": "SO_Tri"
        },
        "model_mean": {
            "0": 3015.9721900347627,
            "1": 5494.94801980198,
            "2": 1526.0965302491104,
            "3": 20544.62706941621,
            "4": 19363.52201524132,
            "5": 14960.230760694669,
            "6": 529.2733102841153,
            "7": 5174.542413916786,
            "8": 10938.3046875,
            "9": 6269.20643153527,
            "10": 10681.6802413273,
            "11": 9974.428471248248
        },
        "model_std": {
            "0": 936.256577940123,
            "1": 1755.9337623372996,
            "2": 723.6956727899068,
            "3": 5118.96812576712,
            "4": 4230.106262057062,
            "5": 4062.7262412491286,
            "6": 225.6295904387955,
            "7": 1266.9107068459857,
            "8": 3115.4118517685347,
            "9": 1757.4993947227417,
            "10": 5768.616887114318,
            "11": 4745.669963698881
        },
        "exp_mean": {
            "0": 8015.0,
            "1": 5998.0,
            "2": null,
            "3": 12676.0,
            "4": null,
            "5": null,
            "6": null,
            "7": 10436.0,
            "8": null,
            "9": null,
            "10": 16847.0,
            "11": 15767.0
        },
        "exp_std": {
            "0": 0.0,
            "1": 0.0,
            "2": null,
            "3": 5549.37,
            "4": null,
            "5": null,
            "6": null,
            "7": 1393.26,
            "8": null,
            "9": null,
            "10": 0.0,
            "11": 0.0
        }
    }
}