{
    "name": "Synaptic divergence percetages",
    "description": "Synapse divergence broken down into efferent synaptic group.",
    "units": null,
    "value_map": {
        "mtype": {
            "0": "SLM_PPA",
            "1": "SR_SCA",
            "2": "SP_AA",
            "3": "SP_BS",
            "4": "SP_CCKBC",
            "5": "SP_Ivy",
            "6": "SP_PC",
            "7": "SP_PVBC",
            "8": "SO_BP",
            "9": "SO_BS",
            "10": "SO_OLM",
            "11": "SO_Tri"
        },
        "model_PC": {
            "0": 95.52582926589375,
            "1": 92.33675036340762,
            "2": 100.0,
            "3": 89.4268946990726,
            "4": 92.71829455300961,
            "5": 91.5572185300665,
            "6": 44.66848521628159,
            "7": 87.88072857723456,
            "8": 88.02345256027593,
            "9": 87.7070049466246,
            "10": 96.99373365034566,
            "11": 89.2348702344389
        },
        "model_INT": {
            "0": 4.474170734106252,
            "1": 7.663249636592383,
            "2": 0.0,
            "3": 10.573105300927395,
            "4": 7.281705446990387,
            "5": 8.442781469933493,
            "6": 55.33151478371841,
            "7": 12.119271422765436,
            "8": 11.976547439724072,
            "9": 12.292995053375407,
            "10": 3.0062663496543394,
            "11": 10.765129765561099
        },
        "exp_PC": {
            "0": null,
            "1": null,
            "2": 100.0,
            "3": null,
            "4": null,
            "5": null,
            "6": 42.1505376344,
            "7": null,
            "8": null,
            "9": null,
            "10": 89.156626506,
            "11": 40.0
        },
        "exp_INT": {
            "0": null,
            "1": null,
            "2": 0.0,
            "3": null,
            "4": null,
            "5": null,
            "6": 57.8494623656,
            "7": null,
            "8": null,
            "9": null,
            "10": 10.843373494,
            "11": 60.0
        }
    }
}